"Student Number","First Name","Middle Name","Last Name",Gender,Birthday,Program,"Contact Number","Email Address"
201110040,Jio,Mcvc,Demeterio,Male,1995-12-10,BSITWMA,9165422107,jio@yahoo.com
201110141,Summer,Bvf,Gamit,Female,1995-07-02,BSITWMA,9165422100,summer@yahoo.com
201110242,Keren,Ldcvdv,Rogel,Female,1995-06-08,BSITWMA,9165422108,keren@gmail.com
201110343,Edward,Cdfd,Paredes,Male,1995-03-03,BSITWMA,9165422109,edward@yahoo.com
201111294,Darlene,Ddfdg,Arenas,Female,1995-04-29,BSITWMA,9052278889,darlene@yahoo.com
201111295,Cedrick,"De guzman",Salamat,Male,1995-05-28,BSITWMA,9162738884,cedrick@yahoo.com
201111296,Danah,Dvfcv,Balajadia,Female,1995-02-23,BSITWMA,9784567893,danah@yahoo.com
201111297,Arthelle,Jvf,Angeles,Female,1995-06-01,BSITWMA,9278936475,arthelle@yahoo.com
201111298,Mitch,Cvgf,Apacible,Female,1995-01-30,BSITWMA,9167833893,mitch@yahoo.com
201111299,Analyn,Bgvf,Llanes,Female,1995-02-26,BSITWMA,9052617890,analyn@yahoo.com
201122222,Try,,"Dela Cruz",Male,2014-01-04,BSA,09123456789,trytry@yahoo.com
201122221,Try,,Try,Male,2014-01-07,BSA,09161058320,trytry2@yahoo.com
201345678,Asd,Sd,Df,Male,2014-03-03,BSA,09167899023,fgr@yj.com
201312345,Asd,,As,Male,2014-03-01,BSA,09123455678,ads@yahoo.com
201312345,Asd,,As,Male,2014-03-01,BSA,09123455678,ads@yahoo.com
